English_name,Scientific_name,Catalan_name,Category
Snow Goose,Anser caerulescens,Oca de les neus,Rares/Accidentals
Graylag Goose,Anser anser,Oca comuna,
Greater White-fronted Goose,Anser albifrons,Oca riallera grossa,
Lesser White-fronted Goose,Anser erythropus,Oca riallera petita,Rares/Accidentals Vulnerable
Taiga Bean-Goose,Anser fabalis,Oca pradenca,
Tundra Bean-Goose,Anser serrirostris,Oca de la Tundra,
Pink-footed Goose,Anser brachyrhynchus,Oca de bec curt,Rares/Accidentals
Brant,Branta bernicla,Oca de collar,
Barnacle Goose,Branta leucopsis,Oca de galta blanca,
Canada Goose,Branta canadensis,Oca del Canadà,Espècies introduïdes
Red-breasted Goose,Branta ruficollis,Oca de coll roig,Rares/Accidentals Vulnerable
Mute Swan,Cygnus olor,Cigne mut,
Black Swan,Cygnus atratus,Cigne negre,Espècies introduïdes
Tundra Swan,Cygnus columbianus,Cigne petit,
Whooper Swan,Cygnus cygnus,Cigne cantaire,
Egyptian Goose,Alopochen aegyptiaca,Oca d'Egipte,Espècies introduïdes
Ruddy Shelduck,Tadorna ferruginea,Ànec canyella,Rares/Accidentals
Common Shelduck,Tadorna tadorna,Ànec blanc,
Mandarin Duck,Aix galericulata,Ànec mandarí,Espècies introduïdes
Baikal Teal,Sibirionetta formosa,Xarxet del Baikal,Rares/Accidentals
Garganey,Spatula querquedula,Xarrasclet,
Blue-winged Teal,Spatula discors,Xarxet alablau,Rares/Accidentals
Northern Shoveler,Spatula clypeata,Ànec cullerot comú,
Gadwall,Mareca strepera,Ànec grisset,
Eurasian Wigeon,Mareca penelope,Ànec xiulador comú,
American Wigeon,Mareca americana,Ànec xiulador nord-americà,Rares/Accidentals
Mallard,Anas platyrhynchos,Ànec collverd,
American Black Duck,Anas rubripes,Ànec negrós,Rares/Accidentals
Northern Pintail,Anas acuta,Ànec cuallarg,
Green-winged Teal,Anas crecca,Xarxet comú,
Marbled Teal,Marmaronetta angustirostris,Xarxet marbrenc,Vulnerable
Red-crested Pochard,Netta rufina,Xibec comú,
Redhead,Aythya americana,Morell americà,Rares/Accidentals
Common Pochard,Aythya ferina,Morell cap-roig,Vulnerable
Ring-necked Duck,Aythya collaris,Morell de collar,Rares/Accidentals
Ferruginous Duck,Aythya nyroca,Morell xocolater,Prop de l'amenaça
Tufted Duck,Aythya fuligula,Morell de plomall,
Greater Scaup,Aythya marila,Morell buixot,
Lesser Scaup,Aythya affinis,Morell petit,Rares/Accidentals
Steller's Eider,Polysticta stelleri,Èider de Steller,Rares/Accidentals Vulnerable
King Eider,Somateria spectabilis,Èider reial,Rares/Accidentals
Common Eider,Somateria mollissima,Èider comú,Prop de l'amenaça
Surf Scoter,Melanitta perspicillata,Ànec negre frontblanc,Rares/Accidentals
Velvet Scoter,Melanitta fusca,Ànec fosc eurasiàtic,Vulnerable
Stejneger's Scoter,Melanitta stejnegeri,Ànec fosc siberià,Rares/Accidentals
Common Scoter,Melanitta nigra,Ànec negre comú,
Black Scoter,Melanitta americana,Ànec negre americà,Rares/Accidentals Prop de l'amenaça
Long-tailed Duck,Clangula hyemalis,Ànec glacial,Vulnerable
Bufflehead,Bucephala albeola,Morell capblanc,Rares/Accidentals
Common Goldeneye,Bucephala clangula,Morell d'ulls grocs,
Barrow's Goldeneye,Bucephala islandica,Morell d’Islandia,Rares/Accidentals
Smew,Mergellus albellus,Bec de serra petit,
Common Merganser,Mergus merganser,Bec de serra gros,
Red-breasted Merganser,Mergus serrator,Bec de serra mitjà,
Ruddy Duck,Oxyura jamaicensis,malvasia de Jamaica,Espècies introduïdes
White-headed Duck,Oxyura leucocephala,Malvasia capblanca,Rares/Accidentals En Perill
California Quail,Callipepla californica,Colí de Califòrnia,Espècies introduïdes
Hazel Grouse,Tetrastes bonasia,Grèvol comú,
Rock Ptarmigan,Lagopus muta,Perdiu blanca,
Western Capercaillie,Tetrao urogallus,Gall fer comú,
Black Grouse,Lyrurus tetrix,Gall de cua forcada,
Gray Partridge,Perdix perdix,Perdiu xerra,
Reeves's Pheasant,Syrmaticus reevesii,Faisà venerat,Espècies introduïdes Vulnerable
Ring-necked Pheasant,Phasianus colchicus,Faisà comú,Espècies introduïdes
Common Quail,Coturnix coturnix,Guatlla comuna,
Barbary Partridge,Alectoris barbara,Perdiu de Barbaria,Erradicades
Red-legged Partridge,Alectoris rufa,Perdiu roja,Prop de l'amenaça
Rock Partridge,Alectoris graeca,Perdiu grega,Prop de l'amenaça
Greater Flamingo,Phoenicopterus roseus,Flamenc comú,
Lesser Flamingo,Phoeniconaias minor,Flamenc nan,Rares/Accidentals Prop de l'amenaça
Little Grebe,Tachybaptus ruficollis,Cabusset comú,
Pied-billed Grebe,Podilymbus podiceps,Cabusset becgròs,Rares/Accidentals
Horned Grebe,Podiceps auritus,Cabussó orellut,Vulnerable
Red-necked Grebe,Podiceps grisegena,Cabussó gris,
Great Crested Grebe,Podiceps cristatus,Cabussó emplomallat,
Eared Grebe,Podiceps nigricollis,Cabussó collnegre,
Rock Pigeon,Columba livia,Colom roquer,
Stock Dove,Columba oenas,Xixella,
Common Wood-Pigeon,Columba palumbus,Tudó,
European Turtle-Dove,Streptopelia turtur,Tórtora eurasiàtica,Vulnerable
Oriental Turtle-Dove,Streptopelia orientalis,Tórtora rogenca,Rares/Accidentals
Eurasian Collared-Dove,Streptopelia decaocto,Tórtora turca,
Pallas's Sandgrouse,Syrrhaptes paradoxus,Ganga estepària,Rares/Accidentals
Pin-tailed Sandgrouse,Pterocles alchata,Ganga eurasiàtica,
Great Bustard,Otis tarda,Pioc salvatge eurasiàtic,Vulnerable
Macqueen's Bustard,Chlamydotis macqueenii,Hubara asiàtica,Rares/Accidentals Vulnerable
Little Bustard,Tetrax tetrax,Sisó comú,Prop de l'amenaça
Great Spotted Cuckoo,Clamator glandarius,Cucut reial europeu,
Yellow-billed Cuckoo,Coccyzus americanus,Cucut becgroc,Rares/Accidentals
Black-billed Cuckoo,Coccyzus erythropthalmus,Cucut becnegre,Rares/Accidentals
Common Cuckoo,Cuculus canorus,Cucut comú,
Common Nighthawk,Chordeiles minor,Enganyapastors americà,Rares/Accidentals
Red-necked Nightjar,Caprimulgus ruficollis,Siboc,Rares/Accidentals
Eurasian Nightjar,Caprimulgus europaeus,enganyapastors comú,
Chimney Swift,Chaetura pelagica,Falciot cuaespinós de xemeneia,Vulnerable
Alpine Swift,Apus melba,Ballester,
Common Swift,Apus apus,Falciot negre,
Pallid Swift,Apus pallidus,Falciot pàl·lid,
Little Swift,Apus affinis,Falciot cuablanc comú,Rares/Accidentals
White-rumped Swift,Apus caffer,Falciot cuablanc africà,Rares/Accidentals
Water Rail,Rallus aquaticus,Rascló occidental,
Corn Crake,Crex crex,Guatlla maresa eurasiàtica,
Sora,Porzana carolina,Polla pintada americana,Rares/Accidentals
Spotted Crake,Porzana porzana,Polla pintada europea,
Eurasian Moorhen,Gallinula chloropus,Polla d'aigua comuna,
Eurasian Coot,Fulica atra,Fotja comuna,
Red-knobbed Coot,Fulica cristata,Fotja banyuda,Rares/Accidentals
Allen's Gallinule,Porphyrio alleni,Polla blava d'Allen,Rares/Accidentals
Western Swamphen,Porphyrio porphyrio,Polla blava comuna,
Little Crake,Zapornia parva,Rascletó,
Baillon's Crake,Zapornia pusilla,Rasclet europeu,Rares/Accidentals
Demoiselle Crane,Anthropoides virgo,Grua damisel·la,Rares/Accidentals
Sandhill Crane,Antigone canadensis,Grua del Canadà,Rares/Accidentals
Common Crane,Grus grus,Grua europea,
Eurasian Thick-knee,Burhinus oedicnemus,Torlit comú,
Black-winged Stilt,Himantopus himantopus,Camallarga comú,
Pied Avocet,Recurvirostra avosetta,Bec d'alena comú,
Eurasian Oystercatcher,Haematopus ostralegus,Garsa de mar eurasiàtica,Prop de l'amenaça
Black-bellied Plover,Pluvialis squatarola,Pigre gris,
European Golden-Plover,Pluvialis apricaria,Daurada grossa,
American Golden-Plover,Pluvialis dominica,Daurada americana,Rares/Accidentals
Pacific Golden-Plover,Pluvialis fulva,Daurada del Pacífic,Rares/Accidentals
Northern Lapwing,Vanellus vanellus,Fredeluga europea,Prop de l'amenaça
Spur-winged Lapwing,Vanellus spinosus,Fredeluga esperonada,Rares/Accidentals
Sociable Lapwing,Vanellus gregarius,Fredeluga gregària,Rares/Accidentals En perill crític
White-tailed Lapwing,Vanellus leucurus,Fredeluga cuablanca,Rares/Accidentals
Lesser Sand-Plover,Charadrius mongolus,Corriol mongol,Rares/Accidentals
Greater Sand-Plover,Charadrius leschenaultii,Corriol de Leschnault,Rares/Accidentals
Caspian Plover,Charadrius asiaticus,Corriol asiàtic,Rares/Accidentals
Kittlitz's Plover,Charadrius pecuarius,Corriol pecuari,Rares/Accidentals
Kentish Plover,Charadrius alexandrinus,Corriol camanegre,
Common Ringed Plover,Charadrius hiaticula,Corriol anellat gros,
Semipalmated Plover,Charadrius semipalmatus,Corriol semipalmat,Rares/Accidentals
Little Ringed Plover,Charadrius dubius,Corriol anellat petit,
Killdeer,Charadrius vociferus,Corriol cua-roig,Rares/Accidentals
Eurasian Dotterel,Charadrius morinellus,Corriol pit-roig,
Upland Sandpiper,Bartramia longicauda,Territ cuallarg,Rares/Accidentals
Whimbrel,Numenius phaeopus,Polit cantaire,
Slender-billed Curlew,Numenius tenuirostris,Becut bec fí,Rares/Accidentals En perill crític
Eurasian Curlew,Numenius arquata,Becut eurasiàtic,Prop de l'amenaça
Bar-tailed Godwit,Limosa lapponica,Tètol cuabarrat,Prop de l'amenaça
Black-tailed Godwit,Limosa limosa,Tètol cuanegre,Prop de l'amenaça
Ruddy Turnstone,Arenaria interpres,Remena-rocs comú,
Red Knot,Calidris canutus,Territ gros,Prop de l'amenaça
Ruff,Calidris pugnax,Batallaire,
Broad-billed Sandpiper,Calidris falcinellus,Territ becadell,Rares/Accidentals
Sharp-tailed Sandpiper,Calidris acuminata,Territ acuminat,Rares/Accidentals
Stilt Sandpiper,Calidris himantopus,Territ camallarg,Rares/Accidentals
Curlew Sandpiper,Calidris ferruginea,Territ becllarg,Prop de l'amenaça
Temminck's Stint,Calidris temminckii,Territ de Temminck,
Long-toed Stint,Calidris subminuta,Territ menut siberià,Rares/Accidentals
Red-necked Stint,Calidris ruficollis,Territ de gola roja,Rares/Accidentals Prop de l'amenaça
Sanderling,Calidris alba,Territ de tres dits,
Dunlin,Calidris alpina,Territ variant,
Purple Sandpiper,Calidris maritima,Territ fosc,
Baird's Sandpiper,Calidris bairdii,Territ de Baird,Rares/Accidentals
Little Stint,Calidris minuta,Territ menut comú,
Least Sandpiper,Calidris minutilla,Territ menut canadenc,Rares/Accidentals
White-rumped Sandpiper,Calidris fuscicollis,Territ cuablanc,Rares/Accidentals
Buff-breasted Sandpiper,Calidris subruficollis,Territ rogenc,Rares/Accidentals Prop de l'amenaça
Pectoral Sandpiper,Calidris melanotos,Territ pectoral,
Semipalmated Sandpiper,Calidris pusilla,Territ semipalmat,Rares/Accidentals Prop de l'amenaça
Western Sandpiper,Calidris mauri,Territ d'Alaska,Rares/Accidentals
Short-billed Dowitcher,Limnodromus griseus,Tetolet gris,Rares/Accidentals
Long-billed Dowitcher,Limnodromus scolopaceus,Tetolet becllarg,Rares/Accidentals
Jack Snipe,Lymnocryptes minimus,Becadell sord,
Eurasian Woodcock,Scolopax rusticola,Becada eurasiàtica,
American Woodcock,Scolopax minor,Becada americana,Rares/Accidentals
Great Snipe,Gallinago media,Becadell reial,Rares/Accidentals Prop de l'amenaça
Common Snipe,Gallinago gallinago,Becadell comú,
Wilson's Snipe,Gallinago delicata,Becadell de Wilson,Rares/Accidentals
Terek Sandpiper,Xenus cinereus,Siseta cendrosa,Rares/Accidentals
Wilson's Phalarope,Phalaropus tricolor,Escuraflascons de Wilson,Rares/Accidentals
Red-necked Phalarope,Phalaropus lobatus,Escuraflascons becfí,
Red Phalarope,Phalaropus fulicarius,Escuraflascons becgròs,
Common Sandpiper,Actitis hypoleucos,Xivitona comuna,
Spotted Sandpiper,Actitis macularius,Xivitona maculada,Rares/Accidentals
Green Sandpiper,Tringa ochropus,Xivita comuna,
Solitary Sandpiper,Tringa solitaria,Xivita solitària,Rares/Accidentals
Spotted Redshank,Tringa erythropus,Gamba roja pintada,
Greater Yellowlegs,Tringa melanoleuca,Gamba groga grossa,Rares/Accidentals
Common Greenshank,Tringa nebularia,Gamba verda,
Willet,Tringa semipalmata,Gamba alanegra,Rares/Accidentals
Lesser Yellowlegs,Tringa flavipes,Gamba groga petita,Rares/Accidentals
Marsh Sandpiper,Tringa stagnatilis,Siseta comuna,
Wood Sandpiper,Tringa glareola,Valona,
Common Redshank,Tringa totanus,Gamba roja comuna,
Cream-colored Courser,Cursorius cursor,Corredor cremós,Rares/Accidentals
Collared Pratincole,Glareola pratincola,Perdiu de mar europea,
Oriental Pratincole,Glareola maldivarum,Perdiu de mar oriental,Rares/Accidentals
Black-winged Pratincole,Glareola nordmanni,Perdiu de mar alanegra,Prop de l'amenaça
Great Skua,Stercorarius skua,Paràsit boreal,
Pomarine Jaeger,Stercorarius pomarinus,Paràsit cuaample,
Parasitic Jaeger,Stercorarius parasiticus,Paràsit cuapunxegut,
Long-tailed Jaeger,Stercorarius longicaudus,Paràsit cuallarg,
Dovekie,Alle alle,Gavotí atlàntic,
Common Murre,Uria aalge,Somorgollaire comú,
Thick-billed Murre,Uria lomvia,Somorgollaire de Brünnich,Rares/Accidentals
Razorbill,Alca torda,Gavot,
Great Auk,Pinguinus impennis,Alca gegant,Rares/Accidentals Extingida
Black Guillemot,Cepphus grylle,Somorgollaire alablanc,Rares/Accidentals
Atlantic Puffin,Fratercula arctica,Fraret atlàntic,Vulnerable
Black-legged Kittiwake,Rissa tridactyla,Gavineta de tres dits,Vulnerable
Ivory Gull,Pagophila eburnea,Gavina d'ivori,Rares/Accidentals Prop de l'amenaça
Sabine's Gull,Xema sabini,Gavineta de Sabine,
Slender-billed Gull,Chroicocephalus genei,Gavina capblanca,
Bonaparte's Gull,Chroicocephalus philadelphia,Gavina de Bonaparte,Rares/Accidentals
Black-headed Gull,Chroicocephalus ridibundus,Gavina riallera,
Little Gull,Hydrocoloeus minutus,Gavina menuda,
Ross's Gull,Rhodostethia rosea,Gavina rosada,Rares/Accidentals
Laughing Gull,Leucophaeus atricilla,Gavina capnegra americana,Rares/Accidentals
Franklin's Gull,Leucophaeus pipixcan,Gavina de Franklin,Rares/Accidentals
Mediterranean Gull,Ichthyaetus melanocephalus,Gavina capnegra,
Pallas's Gull,Ichthyaetus ichthyaetus,Gavinot capnegra,Rares/Accidentals
Audouin's Gull,Ichthyaetus audouinii,Gavina corsa,Vulnerable
Common Gull,Larus canus,Gavina cendrosa,
Ring-billed Gull,Larus delawarensis,Gavina de Delaware,
Herring Gull,Larus argentatus,Gavià argentat europeu,
Yellow-legged Gull,Larus michahellis,Gavià de potes grogues,
Caspian Gull,Larus cachinnans,Gavià del Caspi,
Iceland Gull,Larus glaucoides,Gavinot polar,
Lesser Black-backed Gull,Larus fuscus,Gavià fosc,
Glaucous Gull,Larus hyperboreus,Gavinot hiperbori,
Great Black-backed Gull,Larus marinus,Gavinot atlàntic,
Kelp Gull,Larus dominicanus,Gavià de Lichtenstein,Rares/Accidentals
Sooty Tern,Onychoprion fuscatus,Xatrac fosc,Rares/Accidentals
Bridled Tern,Onychoprion anaethetus,Xatrac embridat,Rares/Accidentals
Little Tern,Sternula albifrons,Xatrac menut comú,
Gull-billed Tern,Gelochelidon nilotica,Curroc comú,
Caspian Tern,Hydroprogne caspia,Xatrac gros,
Black Tern,Chlidonias niger,Fumarell negre,
White-winged Tern,Chlidonias leucopterus,Fumarell alablanc,
Whiskered Tern,Chlidonias hybrida,Fumarell carablanc,
Roseate Tern,Sterna dougallii,Xatrac rosat,
Common Tern,Sterna hirundo,Xatrac comú,
Arctic Tern,Sterna paradisaea,Xatrac àrtic,
Forster's Tern,Sterna forsteri,Xatrac de Forster,Rares/Accidentals
Royal Tern,Thalasseus maximus,xatrac reial bec-roig,Rares/Accidentals
Sandwich Tern,Thalasseus sandvicensis,Xatrac becllarg,
Elegant Tern,Thalasseus elegans,Xatrac elegant,Rares/Accidentals Prop de l'amenaça
Lesser Crested Tern,Thalasseus bengalensis,Xatrac de Bengala,Rares/Accidentals
West African Crested Tern,Thalasseus albididorsalis,,Rares/Accidentals
Red-throated Loon,Gavia stellata,Calàbria petita,
Arctic Loon,Gavia arctica,Calàbria agulla,
Common Loon,Gavia immer,Calàbria grossa,
Yellow-billed Loon,Gavia adamsii,Calàbria de bec pàl·lid,Rares/Accidentals Prop de l'amenaça
Yellow-nosed Albatross,Thalassarche chlororhynchos,Albatros becgroc de l'Atlàntic,Rares/Accidentals
Black-browed Albatross,Thalassarche melanophris,Albatros cellanegre,Rares/Accidentals
Wilson's Storm-Petrel,Oceanites oceanicus,Ocell de tempesta de Wilson,Rares/Accidentals
European Storm-Petrel,Hydrobates pelagicus,Ocell de tempesta comú,
Leach's Storm-Petrel,Hydrobates leucorhous,ocell de tempesta boreal,Vulnerable
Swinhoe's Storm-Petrel,Hydrobates monorhis,Ocell de tempesta de Swinhoe,Rares/Accidentals Prop de l'amenaça
Band-rumped Storm-Petrel,Hydrobates castro,Ocell de tempesta de Madeira,Rares/Accidentals
Northern Fulmar,Fulmarus glacialis,Fulmar boreal,
Fea's Petrel,Pterodroma feae,Petrell de Cap Verd,Rares/Accidentals
Bulwer's Petrel,Bulweria bulwerii,Petrell de Bulwer,Rares/Accidentals
Cory's Shearwater,Calonectris diomedea,Baldriga cendrosa,
Great Shearwater,Ardenna gravis,Baldriga capnegra,
Sooty Shearwater,Ardenna grisea,Baldriga grisa,Prop de l'amenaça
Short-tailed Shearwater,Ardenna tenuirostris,Baldriga de Tasmània,Rares/Accidentals
Manx Shearwater,Puffinus puffinus,Baldriga pufí,
Yelkouan Shearwater,Puffinus yelkouan,Baldriga mediterrània,Vulnerable
Balearic Shearwater,Puffinus mauretanicus,Baldriga balear,En perill crític
Barolo Shearwater,Puffinus baroli,Baldriga petita de l’Atlàntic Nord,Rares/Accidentals
Black Stork,Ciconia nigra,Cigonya negra,
White Stork,Ciconia ciconia,Cigonya blanca,
Magnificent Frigatebird,Fregata magnificens,Fregata magnífica,Rares/Accidentals
Masked Booby,Sula dactylatra,Mascarell emmascarat,Rares/Accidentals
Brown Booby,Sula leucogaster,Mascarell bru,Rares/Accidentals
Red-footed Booby,Sula sula,Mascarell cama-roig,Rares/Accidentals
Northern Gannet,Morus bassanus,Mascarell atlàntic,
Pygmy Cormorant,Microcarbo pygmaeus,Corb marí pigmeu,Rares/Accidentals
Great Cormorant,Phalacrocorax carbo,Corb marí gros,
European Shag,Gulosus aristotelis,Corb marí emplomallat,
Double-crested Cormorant,Nannopterum auritum,Corb marí orellut,Rares/Accidentals
Great White Pelican,Pelecanus onocrotalus,Pelicà blanc comú,Rares/Accidentals
Dalmatian Pelican,Pelecanus crispus,Pelicà cresp,Rares/Accidentals Prop de l'amenaça
Great Bittern,Botaurus stellaris,Bitó comú,
Little Bittern,Ixobrychus minutus,Martinet menut comú,
Great Blue Heron,Ardea herodias,Bernat americà,Rares/Accidentals
Gray Heron,Ardea cinerea,Bernat pescaire,
Black-headed Heron,Ardea melanocephala,Bernat capnegre,Rares/Accidentals
Purple Heron,Ardea purpurea,Agró roig,
Great Egret,Ardea alba,Agró blanc,
Intermediate Egret,Ardea intermedia,Martinet intermedi,Rares/Accidentals
Little Egret,Egretta garzetta,Martinet blanc comú,
Western Reef-Heron,Egretta gularis,Martinet dels esculls,Rares/Accidentals
Cattle Egret,Bubulcus ibis,Esplugabous,
Squacco Heron,Ardeola ralloides,Martinet ros comú,
Green Heron,Butorides virescens,Martinet verd,Rares/Accidentals
Striated Heron,Butorides striata,Martinet verd,Rares/Accidentals
Black-crowned Night-Heron,Nycticorax nycticorax,Martinet de nit comú,
Glossy Ibis,Plegadis falcinellus,Capó reial,
African Sacred Ibis,Threskiornis aethiopicus,Ibis sagrat africà,Espècies introduïdes
Northern Bald Ibis,Geronticus eremita,Ibis ermità,Espècies introduïdes En Perill
Eurasian Spoonbill,Platalea leucorodia,Becplaner comú,
Osprey,Pandion haliaetus,Àguila pescadora,
Black-winged Kite,Elanus caeruleus,Esparver d'espatlles negres,
Bearded Vulture,Gypaetus barbatus,Trencalòs,Prop de l'amenaça
Egyptian Vulture,Neophron percnopterus,Aufrany comú,En Perill
European Honey-buzzard,Pernis apivorus,Aligot vesper europeu,
Cinereous Vulture,Aegypius monachus,Voltor negre,Prop de l'amenaça
Lappet-faced Vulture,Torgos tracheliotos,Voltor orellut,Rares/Accidentals En Perill
Rüppell's Griffon,Gyps rueppelli,Voltor de Rüppell,Rares/Accidentals En perill crític
Eurasian Griffon,Gyps fulvus,Voltor comú,
Short-toed Snake-Eagle,Circaetus gallicus,Àguila marcenca,
Lesser Spotted Eagle,Clanga pomarina,Àguila pomerània,Rares/Accidentals
Greater Spotted Eagle,Clanga clanga,Àguila cridanera,Rares/Accidentals Vulnerable
Booted Eagle,Hieraaetus pennatus,Àguila calçada comuna,
Steppe Eagle,Aquila nipalensis,Àguila d'estepa,Rares/Accidentals En Perill
Spanish Eagle,Aquila adalberti,Àguila imperial ibèrica,Rares/Accidentals Vulnerable
Imperial Eagle,Aquila heliaca,Àguila imperial oriental,Rares/Accidentals Vulnerable
Golden Eagle,Aquila chrysaetos,Àguila daurada,
Bonelli's Eagle,Aquila fasciata,Àguila cuabarrada,
Eurasian Marsh-Harrier,Circus aeruginosus,Arpella comuna,
Hen Harrier,Circus cyaneus,Arpella pàl·lida comuna,
Pallid Harrier,Circus macrourus,Arpella pàl·lida russa,Rares/Accidentals Prop de l'amenaça
Montagu's Harrier,Circus pygargus,Arpella cendrosa,
Eurasian Sparrowhawk,Accipiter nisus,Esparver comú,
Northern Goshawk,Accipiter gentilis,Astor comú,
Red Kite,Milvus milvus,Milà reial,
Black Kite,Milvus migrans,Milà negre,
White-tailed Eagle,Haliaeetus albicilla,Pigarg cuablanc,
Rough-legged Hawk,Buteo lagopus,Aligot calçat,Rares/Accidentals
Common Buzzard,Buteo buteo,Aligot comú,
Long-legged Buzzard,Buteo rufinus,Aligot rogenc,Rares/Accidentals
Barn Owl,Tyto alba,Òliba comuna,
Eurasian Scops-Owl,Otus scops,Xot eurasiàtic,
Eurasian Eagle-Owl,Bubo bubo,Duc eurasiàtic,
Snowy Owl,Bubo scandiacus,Duc blanc,Rares/Accidentals Vulnerable
Northern Hawk Owl,Surnia ulula,Mussol esparverenc,Rares/Accidentals
Eurasian Pygmy-Owl,Glaucidium passerinum,Mussolet eurasiàtic,
Little Owl,Athene noctua,Mussol comú,
Tawny Owl,Strix aluco,Gamarús euroasiàtic,
Long-eared Owl,Asio otus,Mussol banyut,
Short-eared Owl,Asio flammeus,Mussol emigrant,
Boreal Owl,Aegolius funereus,Mussol pirinenc,
Eurasian Hoopoe,Upupa epops,Puput comuna,
Common Kingfisher,Alcedo atthis,Blauet comú,
Blue-cheeked Bee-eater,Merops persicus,Abellerol persa,Rares/Accidentals
European Bee-eater,Merops apiaster,Abellerol comú,
European Roller,Coracias garrulus,Gaig blau comú,
Eurasian Wryneck,Jynx torquilla,Colltort comú,
Eurasian Three-toed Woodpecker,Picoides tridactylus,Picot tridàctil,
Middle Spotted Woodpecker,Dendrocoptes medius,Picot garser mitjà,
White-backed Woodpecker,Dendrocopos leucotos,Picot garser dorsblanc,
Great Spotted Woodpecker,Dendrocopos major,Picot garser gros,
Lesser Spotted Woodpecker,Dryobates minor,Picot garser petit,
Gray-headed Woodpecker,Picus canus,Picot cendrós,
Eurasian Green Woodpecker,Picus viridis,Picot verd comú,
Iberian Green Woodpecker,Picus sharpei,Picot verd ibèric,
Black Woodpecker,Dryocopus martius,Picot negre euroasiàtic,
Lesser Kestrel,Falco naumanni,Xoriguer petit,
Eurasian Kestrel,Falco tinnunculus,Xoriguer comú,
Red-footed Falcon,Falco vespertinus,Falcó cama-roig,Vulnerable
Amur Falcon,Falco amurensis,Falcó de l'Amur,Rares/Accidentals
Eleonora's Falcon,Falco eleonorae,Falcó de la reina,
Sooty Falcon,Falco concolor,Falcó fumat,Rares/Accidentals Vulnerable
Merlin,Falco columbarius,Esmerla,
Eurasian Hobby,Falco subbuteo,Falcó mostatxut europeu,
Lanner Falcon,Falco biarmicus,Falcó llaner,Rares/Accidentals
Saker Falcon,Falco cherrug,Falcó sagrat,En Perill
Gyrfalcon,Falco rusticolus,Grifó,Rares/Accidentals
Peregrine Falcon,Falco peregrinus,Falcó pelegrí,
Rose-ringed Parakeet,Psittacula krameri,Cotorra de Kramer,Espècies introduïdes
Red-eyed Vireo,Vireo olivaceus,Viri d’ullls vermells,Rares/Accidentals
Eurasian Golden Oriole,Oriolus oriolus,oriol eurasiàtic,
Red-backed Shrike,Lanius collurio,escorxador comú,
Red-tailed Shrike,Lanius phoenicuroides,,Rares/Accidentals
Isabelline Shrike,Lanius isabellinus,Capsigrany pàl·lid,
Brown Shrike,Lanius cristatus,capsigrany bru,Rares/Accidentals
Iberian Gray Shrike,Lanius meridionalis,Botxí meridional,Vulnerable
Great Gray Shrike,Lanius excubitor,Botxí septentrional,
Lesser Gray Shrike,Lanius minor,trenca,
Masked Shrike,Lanius nubicus,capsigrany emmascarat,Rares/Accidentals
Woodchat Shrike,Lanius senator,capsigrany comú,
Eurasian Jay,Garrulus glandarius,gaig eurasiàtic,
Eurasian Magpie,Pica pica,Garsa eurasiàtica,
Eurasian Nutcracker,Nucifraga caryocatactes,trencanous eurasiàtic,
Red-billed Chough,Pyrrhocorax pyrrhocorax,gralla de bec vermell,
Yellow-billed Chough,Pyrrhocorax graculus,gralla de bec groc,
Eurasian Jackdaw,Corvus monedula,gralla occidental,
Daurian Jackdaw,Corvus dauuricus,gralla oriental,Rares/Accidentals
Rook,Corvus frugilegus,graula,
Carrion Crow,Corvus corone,cornella negra,
Hooded Crow,Corvus cornix,cornella emmantellada,
Fan-tailed Raven,Corvus rhipidurus,corb cuacurt,Rares/Accidentals
Common Raven,Corvus corax,corb comú,
Coal Tit,Periparus ater,Mallerenga petita,
Crested Tit,Lophophanes cristatus,mallerenga emplomallada europea,
Marsh Tit,Poecile palustris,Mallerenga d'aigua,
Willow Tit,Poecile montanus,Mallerenga capnegra,
Eurasian Blue Tit,Cyanistes caeruleus,mallerenga blava eurasiàtica,
Azure Tit,Cyanistes cyanus,mallerenga capblanca,
Great Tit,Parus major,Mallerenga carbonera,
Eurasian Penduline-Tit,Remiz pendulinus,teixidor eurasiàtic,
Bar-tailed Lark,Ammomanes cinctura,terrerola cuabarrada,Rares/Accidentals
Horned Lark,Eremophila alpestris,alosa banyuda,
Greater Short-toed Lark,Calandrella brachydactyla,terrerola comuna,
Bimaculated Lark,Melanocorypha bimaculata,calàndria bimaculada,Rares/Accidentals
Calandra Lark,Melanocorypha calandra,calàndria comuna,
Dupont's Lark,Chersophilus duponti,alosa becuda,Rares/Accidentals Vulnerable
Wood Lark,Lullula arborea,cotoliu,
Eurasian Skylark,Alauda arvensis,alosa comuna,
Thekla's Lark,Galerida theklae,cogullada fosca,
Crested Lark,Galerida cristata,Cogullada comuna,
Bearded Reedling,Panurus biarmicus,mallerenga de bigotis,
Zitting Cisticola,Cisticola juncidis,trist,
Booted Warbler,Iduna caligata,busqueta asiàtica,Rares/Accidentals
Sykes's Warbler,Iduna rama,busqueta de Sykes,
Eastern Olivaceous Warbler,Iduna pallida,busqueta pàl·lida,Rares/Accidentals
Western Olivaceous Warbler,Iduna opaca,busqueta de Barbaria,
Melodious Warbler,Hippolais polyglotta,busqueta comuna,
Icterine Warbler,Hippolais icterina,busqueta icterina,
Aquatic Warbler,Acrocephalus paludicola,boscarla d'aigua,Vulnerable
Moustached Warbler,Acrocephalus melanopogon,boscarla mostatxuda,
Sedge Warbler,Acrocephalus schoenobaenus,boscarla dels joncs,
Paddyfield Warbler,Acrocephalus agricola,boscarla dels arrossars,Rares/Accidentals
Blyth's Reed Warbler,Acrocephalus dumetorum,boscarla dels matolls,Rares/Accidentals
Marsh Warbler,Acrocephalus palustris,boscarla menjamosquits,
Eurasian Reed Warbler,Acrocephalus scirpaceus,boscarla de canyar,
African Reed Warbler,Acrocephalus baeticatus,Boscarla de canyar meriodinal,
Great Reed Warbler,Acrocephalus arundinaceus,balquer,
Gray's Grasshopper Warbler,Helopsaltes fasciolatus,boscaler de Gray,Rares/Accidentals
Pallas's Grasshopper Warbler,Helopsaltes certhiola,boscaler de Pallas,Rares/Accidentals
Lanceolated Warbler,Locustella lanceolata,boscaler pintat petit,Rares/Accidentals
River Warbler,Locustella fluviatilis,boscaler fluvial,Rares/Accidentals
Savi's Warbler,Locustella luscinioides,boscaler comú,
Common Grasshopper-Warbler,Locustella naevia,boscaler pintat gros,
Plain Martin,Riparia paludicola,oreneta de ribera golabruna,Rares/Accidentals
Bank Swallow,Riparia riparia,oreneta de ribera comuna,
Eurasian Crag-Martin,Ptyonoprogne rupestris,roquerol eurasiàtic,
Barn Swallow,Hirundo rustica,oreneta comuna,
Red-rumped Swallow,Cecropis daurica,Oreneta cua-rogenca,
Cliff Swallow,Petrochelidon pyrrhonota,oreneta dels cingles,Rares/Accidentals
Common House-Martin,Delichon urbicum,oreneta cuablanca comuna,
Wood Warbler,Phylloscopus sibilatrix,mosquiter xiulaire,
Western Bonelli's Warbler,Phylloscopus bonelli,mosquiter pàl·lid,
Eastern Bonelli's Warbler,Phylloscopus orientalis,mosquiter oriental,Rares/Accidentals
Yellow-browed Warbler,Phylloscopus inornatus,mosquiter de doble ratlla,
Hume's Warbler,Phylloscopus humei,mosquiter de Hume,Rares/Accidentals
Pallas's Leaf Warbler,Phylloscopus proregulus,mosquiter reietó,Rares/Accidentals
Radde's Warbler,Phylloscopus schwarzi,mosquiter de Schwarz,Rares/Accidentals
Dusky Warbler,Phylloscopus fuscatus,Mosquiter fosc,Rares/Accidentals
Willow Warbler,Phylloscopus trochilus,mosquiter de passa,
Common Chiffchaff,Phylloscopus collybita,mosquiter comú,
Iberian Chiffchaff,Phylloscopus ibericus,mosquiter ibèric,
Eastern Crowned Warbler,Phylloscopus coronatus,mosquiter coronat,Rares/Accidentals
Greenish Warbler,Phylloscopus trochiloides,mosquiter verdós,Rares/Accidentals
Two-barred Warbler,Phylloscopus plumbeitarsus,mosquiter siberià,Rares/Accidentals
Arctic Warbler,Phylloscopus borealis,Mosquiter boreal,Rares/Accidentals
Cetti's Warbler,Cettia cetti,rossinyol bord comú,
Long-tailed Tit,Aegithalos caudatus,mallerenga cuallarga eurasiàtica,
Eurasian Blackcap,Sylvia atricapilla,tallarol de casquet,
Garden Warbler,Sylvia borin,tallarol gros,
Barred Warbler,Curruca nisoria,tallarol esparverenc,Rares/Accidentals
Lesser Whitethroat,Curruca curruca,Tallarol xerraire,
Western Orphean Warbler,Curruca hortensis,Tallarol enmascarat occidental,
Asian Desert Warbler,Curruca nana,Tallareta del desert,Rares/Accidentals
Tristram's Warbler,Curruca deserticola,tallareta de l'Atlas,Rares/Accidentals
Rüppell's Warbler,Curruca ruppeli,tallarol golanegre,Rares/Accidentals
Sardinian Warbler,Curruca melanocephala,tallarol capnegre,
Moltoni's Warbler,Curruca subalpina,Tallarol de garriga subalpí,
Western Subalpine Warbler,Curruca iberiae,Tallarol de garriga,
Eastern Subalpine Warbler,Curruca cantillans,Tallarol de garriga,
Greater Whitethroat,Curruca communis,tallareta comuna,
Spectacled Warbler,Curruca conspicillata,tallarol trencamates,
Marmora's Warbler,Curruca sarda,tallareta sarda,
Dartford Warbler,Curruca undata,tallareta cuallarga,Prop de l'amenaça
Red-billed Leiothrix,Leiothrix lutea,leiòtrix bec-roig,Espècies introduïdes
Goldcrest,Regulus regulus,reietó eurasiàtic,
Common Firecrest,Regulus ignicapilla,bruel eurasiàtic,
Wallcreeper,Tichodroma muraria,Pela-roques,
Eurasian Nuthatch,Sitta europaea,pica-soques eurasiàtic,
Corsican Nuthatch,Sitta whiteheadi,pica-soques de Còrsega,Endèmic Vulnerable
Eurasian Treecreeper,Certhia familiaris,raspinell pirinenc,
Short-toed Treecreeper,Certhia brachydactyla,raspinell comú,
Eurasian Wren,Troglodytes troglodytes,Cargolet comú,
White-throated Dipper,Cinclus cinclus,merla d'aigua europea,
European Starling,Sturnus vulgaris,estornell comú,
Spotless Starling,Sturnus unicolor,estornell negre,
Rosy Starling,Pastor roseus,estornell rosat,Rares/Accidentals
White's Thrush,Zoothera aurea,Griva daurada,Rares/Accidentals
Scaly Thrush,Zoothera dauma,Griva daurada,Rares/Accidentals
Veery,Catharus fuscescens,griveta canyella,Rares/Accidentals
Gray-cheeked Thrush,Catharus minimus,griveta de galtes grises,Rares/Accidentals
Swainson's Thrush,Catharus ustulatus,griveta de Swainson,Rares/Accidentals
Siberian Thrush,Geokichla sibirica,tord siberià,Rares/Accidentals
Mistle Thrush,Turdus viscivorus,griva comuna,
Song Thrush,Turdus philomelos,tord comú,
Redwing,Turdus iliacus,tord ala-roig,Prop de l'amenaça
Eurasian Blackbird,Turdus merula,Merla comuna,
Eyebrowed Thrush,Turdus obscurus,Griva americana,Rares/Accidentals
Fieldfare,Turdus pilaris,griva cerdana,
Ring Ouzel,Turdus torquatus,merla de pit blanc,
Black-throated Thrush,Turdus atrogularis,tord golanegre,Rares/Accidentals
Red-throated Thrush,Turdus ruficollis,tord gola-roig,Rares/Accidentals
Dusky Thrush,Turdus eunomus,tord d'ales rosses,Rares/Accidentals
Naumann's Thrush,Turdus naumanni,tord de Naumann,Rares/Accidentals
Spotted Flycatcher,Muscicapa striata,papamosques gris,
Rufous-tailed Scrub-Robin,Cercotrichas galactotes,cuaenlairat comú,
European Robin,Erithacus rubecula,pit-roig,
White-throated Robin,Irania gutturalis,rossinyol persa,Rares/Accidentals
Thrush Nightingale,Luscinia luscinia,rossinyol rus,Rares/Accidentals
Common Nightingale,Luscinia megarhynchos,rossinyol comú,
Bluethroat,Luscinia svecica,cotxa blava,
Red-flanked Bluetail,Tarsiger cyanurus,Rossinyol cuablau,Rares/Accidentals
Taiga Flycatcher,Ficedula albicilla,Papamosques de taigà,Rares/Accidentals
Red-breasted Flycatcher,Ficedula parva,Papamosques menut,
Semicollared Flycatcher,Ficedula semitorquata,papamosques de mig collar,Rares/Accidentals
European Pied Flycatcher,Ficedula hypoleuca,Mastegatatxes,
Collared Flycatcher,Ficedula albicollis,papamosques de collar,
Moussier's Redstart,Phoenicurus moussieri,cotxa diademada,Rares/Accidentals
Common Redstart,Phoenicurus phoenicurus,cotxa cua-roja,
Black Redstart,Phoenicurus ochruros,cotxa fumada,
Rufous-tailed Rock-Thrush,Monticola saxatilis,merla roquera comuna,
Blue Rock-Thrush,Monticola solitarius,merla blava,
Whinchat,Saxicola rubetra,bitxac rogenc,
European Stonechat,Saxicola rubicola,bitxac comú,
Siberian Stonechat,Saxicola maurus,bitxac siberià,Rares/Accidentals
Northern Wheatear,Oenanthe oenanthe,còlit gris,
Isabelline Wheatear,Oenanthe isabellina,còlit pàl·lid,Rares/Accidentals
Desert Wheatear,Oenanthe deserti,còlit del desert,Rares/Accidentals
Western Black-eared Wheatear,Oenanthe hispanica,còlit ros,
Eastern Black-eared Wheatear,Oenanthe melanoleuca,,Rares/Accidentals
Pied Wheatear,Oenanthe pleschanka,còlit de pit negre,Rares/Accidentals
Black Wheatear,Oenanthe leucura,còlit negre,
White-crowned Wheatear,Oenanthe leucopyga,còlit tuareg,Rares/Accidentals
Kurdish Wheatear,Oenanthe xanthoprymna,còlit persa,Rares/Accidentals
Bohemian Waxwing,Bombycilla garrulus,ocell sedós comú,
Indian Silverbill,Euodice malabarica,maniquí bec de plom,Espècies introduïdes
Alpine Accentor,Prunella collaris,cercavores alpí,
Black-throated Accentor,Prunella atrogularis,cercavores golanegre,Rares/Accidentals
Dunnock,Prunella modularis,Pardal de bardissa,
House Sparrow,Passer domesticus,pardal comú,
Italian Sparrow,Passer italiae,pardal italià,Vulnerable
Spanish Sparrow,Passer hispaniolensis,pardal de passa,
Eurasian Tree Sparrow,Passer montanus,pardal xarrec,
Rock Sparrow,Petronia petronia,pardal roquer,
White-winged Snowfinch,Montifringilla nivalis,pardal d'ala blanca,
Gray Wagtail,Motacilla cinerea,cuereta torrentera,
Western Yellow Wagtail,Motacilla flava,Cuereta groga,
Eastern Yellow Wagtail,Motacilla tschutschensis,Lavandeira de Alasca,Rares/Accidentals
Citrine Wagtail,Motacilla citreola,cuereta citrina,Rares/Accidentals
White Wagtail,Motacilla alba,cuereta blanca,
Richard's Pipit,Anthus richardi,piula de Richard,
Blyth's Pipit,Anthus godlewskii,piula de Godlewski,Rares/Accidentals
Tawny Pipit,Anthus campestris,trobat,
Meadow Pipit,Anthus pratensis,titella,
Tree Pipit,Anthus trivialis,piula dels arbres,
Olive-backed Pipit,Anthus hodgsoni,piula de Hodgson,Rares/Accidentals
Pechora Pipit,Anthus gustavi,piula del Pètxora,Rares/Accidentals
Red-throated Pipit,Anthus cervinus,piula gola-roja,
Water Pipit,Anthus spinoletta,grasset de muntanya,
Rock Pipit,Anthus petrosus,grasset de costa,
American Pipit,Anthus rubescens,piula americana,Rares/Accidentals
Common Chaffinch,Fringilla coelebs,pinsà comú,
Brambling,Fringilla montifringilla,pinsà mec,
Hawfinch,Coccothraustes coccothraustes,durbec comú,
Common Rosefinch,Carpodacus erythrinus,pinsà carminat,
Pine Grosbeak,Pinicola enucleator,pinsà dels pins,Rares/Accidentals
Eurasian Bullfinch,Pyrrhula pyrrhula,pinsà borroner eurasiàtic,
Trumpeter Finch,Bucanetes githagineus,pinsà trompeter,Rares/Accidentals
European Greenfinch,Chloris chloris,verdum europeu,
Twite,Linaria flavirostris,passerell becgroc,
Eurasian Linnet,Linaria cannabina,passerell comú,
Common Redpoll,Acanthis flammea,passerell golanegre,
Lesser Redpoll,Acanthis cabaret,passerell alpí,
Hoary Redpoll,Acanthis hornemanni,passerell àrtic,Rares/Accidentals
Parrot Crossbill,Loxia pytyopsittacus,trencapinyes becgròs,Rares/Accidentals
Red Crossbill,Loxia curvirostra,Trencapinyes comú,
White-winged Crossbill,Loxia leucoptera,trencapinyes d'ala blanca,Rares/Accidentals
European Goldfinch,Carduelis carduelis,cadernera europea,
Citril Finch,Carduelis citrinella,llucareta europea,
Corsican Finch,Carduelis corsicana,llucareta corsa,
European Serin,Serinus serinus,gafarró europeu,
Eurasian Siskin,Spinus spinus,lluer eurasiàtic,
Lapland Longspur,Calcarius lapponicus,repicatalons de Lapònia,
Snow Bunting,Plectrophenax nivalis,sit blanc,
Black-headed Bunting,Emberiza melanocephala,sit capnegre,Rares/Accidentals
Red-headed Bunting,Emberiza bruniceps,sit cara-roig,Rares/Accidentals
Corn Bunting,Emberiza calandra,cruixidell,
Rock Bunting,Emberiza cia,sit negre,
Cirl Bunting,Emberiza cirlus,gratapalles,
Yellowhammer,Emberiza citrinella,verderola,
Pine Bunting,Emberiza leucocephalos,sit capblanc,Rares/Accidentals
Ortolan Bunting,Emberiza hortulana,hortolà comú,
Cretzschmar's Bunting,Emberiza caesia,hortolà cendrós,Rares/Accidentals
Pallas's Bunting,Emberiza pallasi,Sit de Pallas,Rares/Accidentals
Reed Bunting,Emberiza schoeniclus,Repicatalons comú,
Yellow-breasted Bunting,Emberiza aureola,sit caranegre,Rares/Accidentals En perill crític
Little Bunting,Emberiza pusilla,repicatalons petit,Rares/Accidentals
Rustic Bunting,Emberiza rustica,repicatalons rústic,Rares/Accidentals Vulnerable
Black-faced Bunting,Emberiza spodocephala,sit emmascarat,Rares/Accidentals
Chestnut Bunting,Emberiza rutila,sit rogenc,Rares/Accidentals
Yellow-browed Bunting,Emberiza chrysophrys,sit cellagroc,Rares/Accidentals
White-crowned Sparrow,Zonotrichia leucophrys,sit de coroneta blanca,Rares/Accidentals
White-throated Sparrow,Zonotrichia albicollis,sit gorjablanc,Rares/Accidentals
Bobolink,Dolichonyx oryzivorus,bobolinc,Rares/Accidentals
Brown-headed Cowbird,Molothrus ater,vaquer de cap bru,Rares/Accidentals
Ovenbird,Seiurus aurocapilla,bosquerola reietó,Rares/Accidentals
Northern Waterthrush,Parkesia noveboracensis,bosquerola titella septentrional,Rares/Accidentals
Black-and-white Warbler,Mniotilta varia,bosquerola zebrada,Rares/Accidentals
American Redstart,Setophaga ruticilla,bosquerola de cua carbassa,Rares/Accidentals
Northern Parula,Setophaga americana,bosquerola de pit groc,Rares/Accidentals
Blackburnian Warbler,Setophaga fusca,bosquerola de gola carbassa,Rares/Accidentals
Yellow Warbler,Setophaga petechia,bosquerola dels manglars,Rares/Accidentals
Chestnut-sided Warbler,Setophaga pensylvanica,bosquerola de flancs castanys,Rares/Accidentals
Blackpoll Warbler,Setophaga striata,bosquerola estriada,Rares/Accidentals Prop de l'amenaça
Scarlet Tanager,Piranga olivacea,piranga escarlata,
Rose-breasted Grosbeak,Pheucticus ludovicianus,cardenal de pit roig,Rares/Accidentals
